{
  "name" : "Standard NES",
  "identifier" : "com.delta.nes.standard",
  "gameTypeIdentifier" : "com.rileytestut.delta.game.nes",
  "debug" : false,
  "representations" : {
    "ipad": {
      "splitView": {
        "portrait": {
          "assets": {
            "small": "portrait_small.png",
            "medium": "portrait_medium.png",
            "large": "portrait_large.png"
          },
          "items": [
            {
              "inputs": {
                "up": "up",
                "down": "down",
                "left": "left",
                "right": "right"
              },
              "frame": {
                "x": 58,
                "y": 140,
                "width": 151,
                "height": 151
              }
            },
            {
              "inputs": [
                "a"
              ],
              "frame": {
                "x": 608,
                "y": 224,
                "width": 60,
                "height": 60
              }
            },
            {
              "inputs": [
                "b"
              ],
              "frame": {
                "x": 507,
                "y": 225,
                "width": 60,
                "height": 60
              }
            },
            {
              "inputs": [
                "start"
              ],
              "frame": {
                "x": 376,
                "y": 242,
                "width": 59,
                "height": 25
              }
            },
            {
              "inputs": [
                "select"
              ],
              "frame": {
                "x": 274,
                "y": 242,
                "width": 59,
                "height": 25
              }
            },
            {
              "inputs": [
                "menu"
              ],
              "frame": {
                "x": 36,
                "y": 61,
                "width": 23,
                "height": 23
              }
            }
          ],
          "mappingSize": {
            "width": 768,
            "height": 355
          },
          "extendedEdges": {
            "top": 20,
            "bottom": 20,
            "left": 20,
            "right": 20
          }
        },
        "landscape": {
          "assets": {
            "small": "landscape_small.png",
            "medium": "landscape_medium.png",
            "large": "landscape_large.png"
          },
          "items": [
            {
              "inputs": {
                "up": "up",
                "down": "down",
                "left": "left",
                "right": "right"
              },
              "frame": {
                "x": 93,
                "y": 140,
                "width": 151,
                "height": 151
              }
            },
            {
              "inputs": [
                "a"
              ],
              "frame": {
                "x": 863,
                "y": 224,
                "width": 60,
                "height": 60
              }
            },
            {
              "inputs": [
                "b"
              ],
              "frame": {
                "x": 763,
                "y": 225,
                "width": 60,
                "height": 60
              }
            },
            {
              "inputs": [
                "start"
              ],
              "frame": {
                "x": 504,
                "y": 242,
                "width": 59,
                "height": 25
              }
            },
            {
              "inputs": [
                "select"
              ],
              "frame": {
                "x": 402,
                "y": 242,
                "width": 59,
                "height": 25
              }
            },
            {
              "inputs": [
                "menu"
              ],
              "frame": {
                "x": 36,
                "y": 61,
                "width": 23,
                "height": 23
              }
            }
          ],
          "mappingSize": {
            "width": 1024,
            "height": 355
          },
          "extendedEdges": {
            "top": 15,
            "bottom": 15,
            "left": 15,
            "right": 15
          },
          "translucent": false
        }
      }
    }
  }
}